Good Shepherd Alliance,Loudoun,"20684 Ashburn Rd, Ashburn, VA 20147",(703) 724-1555,39.04525,-77.4866
Loudoun County Youth Shelter,Loudoun,"16450 Meadowview Ct, Leesburg, VA 20175",(703) 771-5300,39.078049,-77.550217
Cold Weather Shelter,Loudoun,"19520 Meadowview Court, Leesburg, VA 20175",(571) 258-3033,39.07682,-77.5499
Loudoun Homeless Shelter,Loudoun,"16400 Meadowview Ct, Leesburg, VA 20175",(703 777-0420,39.07619,-77.54998
Louduon County Family Services Department,Loudoun,"102 Heritage Way NE # 103, Leesburg, VA 20176",(703) 777-0353,39.11441,-77.54058
Bailey's Crossroads Community Shelter ,Fairfax,"3525 Moncure Ave, Falls Church VA",(703) 820-7621,38.84779,-77.13296
Katherine Hanley Family Shelter,Fairfax,"12970 Katherine Hanley Court, Fairfax, VA 22030",(571) 522-6800,38.8416,-77.39511
Embry Rucker Community Shelter ,Fairfax,"11975 Bowman Towne Drive, Reston, VA 20190",(703) 437-1975,38.96159,-77.35991
Patrick Henery Family Shelter,Fairfax,"3080 Patrick Henry Drive, Falls Church, VA 22044",(703) 536-2155,38.86616,-77.15049
Eleanor U. Kennedy Shelter,Fairfax,"9155 Richmond Highway, Fort Belvoir, VA 22060",(703) 799-0200,38.96159,-77.35991
Embry Rucker Community Shelter,Fairfax,"11975 Bowman Towne Drive, Reston, VA 20190",(703) 437-1975,38.96159,-77.359909