Accomack,Accawmacke Elementary School,"26230 Drummondtown Rd, Accomac, VA 23301",757 787 8013
Accomack,Arcadia Middle School,"29485 Horsey Rd, Oak Hall, VA 23416",(757) 824-4862
Accomack,Arcadia High School,"8210 Lankford Hwy, Oak Hall, VA 23416",(757) 824-5613
Accomack,Metompkin Elementary School,"24501 Parksley Rd, Parksley, VA 23421",(757) 665-1299
Accomack,Nandua Middle School,"20330 Warrior Dr, Onley, VA 23418","(757) 787-7037
Accomack,Nandua High School,"26350 Lankford Hwy, Onley, VA 23418",(757) 787-4514
Albemarle,None,.,0
Alleghany,None,.,0
Amelia,None,.,0
Amherst,None,.,0
Appomattox,None,.,0
Arlington,Bridges to Independence – Sullivan House,"3103 9th Road North, Arlington, VA 22201", 703-525-7177
Augusta,Riverheads Elementary School,"239 Don Hanger Cir, Staunton, VA 24401",(540) 337-2535
Bath,None,.,0
Bedford,None,.,0
Bland,Bland County Social Services Department,"612 Main St #208, Bland, VA 24315",(276) 688 4111
Bland,Bland Ministry Center,"65 Seddon St, Bland, VA 24315",(276) 688-4701
Bland,Crossroads Shelter Inc," 240 Calhoun St, Wytheville, VA 24382",(276) 228-9270
Bland,Bland County Nursing & Rehab,"12185 Grapefield Rd, Bastian, VA 24314",(276) 688-4141
Bland,Bland County Historical Society,"19 Ct House St, Bland, VA 24315",(276) 688-0088
Botetourt,Samaritan Inn,"543 Salem Ave SW # A, Roanoke, VA 24016",(540) 343-1447
Botetourt,Trust-The Roanoke vally Trouble,"404 Elm Ave, Roanoke, VA 24016",(540) 344-8060
Botetourt,Family Promise of Greater Roanoke,"37 E Clay St, Salem, VA 24153",(540) 444-7374
Boutetourt,Rescue Mission Ministries,"402 4th St SE, Roanoke, VA 24013",(540) 343-7227
Boutetourt,Wilson Creek Shelter,"Appalachian Trail, Fincastle, VA 24090",0
Boutetourt,Lamberts Meadow Shelter,"Troutville, VA 24175",0
Boutetourt,American Red Cross,"1610 Oakhill Ave, Clifton Forge, VA 24422",0
Boutetourt,Community Housing Resource Center,"339 Salem Ave SW, Roanoke, VA 24016",(540) 266-7551
Boutetourt,Ram House,"824 Campbell Ave SW, Roanoke, VA 24016",(540) 343-3753
Boutetourt,County Of Botetourt Department of Social Services,"220 Commons Pkwy, Daleville, VA 24083",(540) 591-5960
Boutetourt,Saint Francis Service Dogs,"8232 Enon Dr, Roanoke, VA 24019",(540) 342-3647
Boutetourt,League For Animal Protection,"603 Poor Farm Rd, Fincastle, VA 24090",(540) 473-3853
Boutetourt,Salvation Army,"724 Dale Ave SE, Roanoke, VA 24013",(540) 343-5335
Brunswisck,Brunswisck County Social Services Department,"201 Sharp St # 100, Lawrenceville, VA 23868",(434) 848-2142
Brunswisck,Brunswisck County Animal Shelter,"595 Planters Rd, Lawrenceville, VA 23868",(434) 848-0912
Brunswisck,Shepherd's Inn,"415 W Danville St, South Hill, VA 23970",(434) 447-2736
Buchanan,Buchanan County Animal Shelter,"1191 Dogpound Rd, Grundy, VA 24614",(276) 935-4067
Buckingham,Buckingham County Animal Country,"9659 Andersonville Rd, Buckingham, VA 23921",(434) 983-9318
Buckingham,Buckingham County Social Services,"13360 W James Anderson Hwy, Buckingham, VA 23921",(434) 969-4246
Buckingham,"Christian Outreach Program & Pregnancy Center, Inc","23878 N James Madison Hwy, Dillwyn, VA 23936",(434) 983-8643
Buckingham,The Haven At First And Market,"112 W Market St, Charlottesville, VA 22902",(434) 973-1234
Campbell,Campbell County Social Services,"69 Kabler Ln, Rustburg, VA 24588",(434) 592-9585
Campbell,Friends of Cambell County Animal Control,"1400 Edley Place Lynchburg, VA 24502",(434) 485-6242
Campbell,Hand Up Lodge,"618 Fifth St, Lynchburg, VA 24504",(434) 846-8715
Campbell,Campbell County Br of NAACP,"581 Mohawk Rd, Long Island, VA 24569",(434) 283-8100
Campbell,Fairview United Methodist Church,"3041 Campbell Ave, Lynchburg, VA 24501",(434) 845-4024
Campbell,"DePaul Community Resources, Inc.","4859 Waterlick Rd, Forest, VA 24551",(434) 455-3727
Campbell,Park View Community Misison,"2420 Memorial Ave, Lynchburg, VA 24501",(434) 845-8468
Campbell,American Red Cross,"1007 Sheffield Dr, Lynchburg, VA 24502",(434) 845-1234
Campbell,211 Virginia Central Region,"1010 Miller Park Square, Lynchburg, VA 24501",(434) 845-8016
Campbell,DePaul Family Services,"4835 Waterlick Rd, Forest, VA 24551",(434) 525-9060
Campbell,The Gateway Program,"300 12th St, Lynchburg, VA 24504",(434) 846-3311
Campbell,St Peter's Episcopal Church,"1010 Broad St, Altavista, VA 24517",(434) 369-5291
Campbell,Hyland Heights Baptist Church,"11452 Wards Rd N, Rustburg, VA 24588",(434) 821-6906
Campbell,Rustburg United Methodist Church,"664 Village Hwy, Rustburg, VA 24588",(434) 332-5454
Caroline,ACTS Homeless Shelter,"17866 Main St, Dumfries, VA 22026",(703) 221-3188
Caroline,Caroline County Social Services,"17202 Richmond Turnpike, Milford, VA 22514",(804) 633-5071
Caroline,Hanover Safe Place,"629A N Washington Hwy, Ashland, VA 23005",(804) 752-2728
Caroline,Project Faith,"10073 Kings Hwy, King George, VA 22485",(540) 775-3492
Caroline,Thurman Brisben Center,"471 Central Rd, Fredericksburg, VA 22401",(540) 899-9853
Caroline,Hope House,"902 Lafayette Blvd, Fredericksburg, VA 22401",(540) 371-0831
Caroline,SPCA,"10819 Courthouse Rd, Fredericksburg, VA 22408",(540) 898-1500
Caroline,Mary's Shelter,"1601 Princess Anne St, Fredericksburg, VA 22401",(540) 374-3407
Caroline,Christian Relief Services,"309 Lansdowne Rd, Fredericksburg, VA 22401",(540) 371-1499
Caroline,Caroline County Little League,"15496 Paige Rd, Bowling Green, VA 22427",(804) 633-4332
Caroline,Central Virginia Housing Coalition,"208 Hudgins Rd, Fredericksburg, VA 2240",(540) 604-9943
Caroline,Micah Ecumenical Ministries,"1013 Princess Anne St, Fredericksburg, VA 22401",(540) 479-4116
Caroline,Aces,"507 Caroline St # B, Ashland, VA 23005",(804) 798-2784
Caroline,Kirk/ Alexandra,"3105 Mayo's Woods Ct, Goochland, VA 23063",0
Carroll,Carroll County Social Services,"605 Pine St # 8, Hillsville, VA 24343",(276) 730-3130
Carroll,Galax Carroll Grayson Shelter,"200 Fair St, Galax, VA 24333",(276) 236-8501
Carroll,Hillsville Lions Club,"2664 Carrollton Pike, Hillsville, VA 24343",(276) 733-5974
Charles City,United Way Of Hopewell,"210 N 2nd Ave, Hopewell, VA 23860",(804) 541-3969
Charles City,A Taste of Heaven Sanctuary,"14314 Sandy Point Rd, Charles City, VA 23030",N/A ?????
Charles City,John Randolph Foundation,"112 N Main St, Hopewell, VA 23860",(804) 458-2239
Charles City,VFW Post 637,"1400 Lynchburg St, Hopewell, VA 23860",(804) 452-4244
Charles City,Little Elam Baptist Church,"8840 Church Ln, Charles City, VA 23030",(804) 829-2053
Charles City,City of Hopewell Animal Shelter,"507 Station St, Hopewell, VA 23860",(804) 541-2204
Charles City,Memorial United Methodist Church,"11000 Courthouse Rd, Charles City, VA 23030",(804) 829-6411
Charles City,First Baptist Church,"401 N 2nd Ave, Hopewell, VA 23860",(804) 458-2752
Charles City,Humane Society of Hopewell,"3412 Oaklawn Blvd, Hopewell, VA 23860",(804) 458-7303
Charles City,American Legion,"217 E City Point Rd, Hopewell, VA 23860",(804) 541-3735
Charlotte County,Charlotte Social Services Department,"400 Thomas Jefferson Hwy, Charlotte Court House, VA 23923",(434) 542-5164
Charlotte County,American Cancer Society,"130 Legrande Ave, Charlotte Court House, VA 23923",(434) 542-4334
Chesterfield,CCHASM Alliance for Social Ministry,"1741 Chesterfield, VA 23832",0
Chesterfield,"Bensley-Bermuda Volunteer Rescue Squad, Inc.","2500 Rio Vista Street Chester, VA 23831",(804) 748 6122
Chesterfield,Salvation Army Shelter and Transitional Housing,"9901 Lori Road Chesterfield, VA 23832",(804) 748-1000
Clarke,Berryville Main Street,"23 E Main St, Berryville, VA 22611",(540) 955-4001
Clarke,FISH of Clarke County,"311 E Main St, Berryville, VA 22611",(540) 955-1823
Craig,None,.,0
Culpeper,Culpeper Housing and Shelter Services,"602 S Main St #3, Culpeper, VA 22701",(540) 825-7434
Culpeper,Culpeper County Animal Control,"10144 James Monroe Hwy, Culpeper, VA 22701",(540) 547-4477
Culpeper,Culpeper Winter Heat Shelter,"1200 Old Rixeyville Rd, Culpeper, VA 22701",(540) 317-0030
Culpeper,Humane Society of Culpeper,"57 S West St, Culpeper, VA 22701",(540) 727-7554
Cumberland,Cumberland County Department of Social Services,"71 Community Center Dr, Cumberland, VA 23040",(804) 492-4915
Dickenson,None,.,0
Dinwiddie,Dinwiddie Volunteer Fire and EMS Co.1,"13516 Boydton Plank Rd, Dinwiddie, VA 23841",(804) 469-3066
Dinwiddie,Ford Volunteer Fire Department,"13402 Cox Rd, Church Rd, VA 23833",(804) 265-5858
Dinwiddie,Namozine Vol Fire Department,"3913 Pelham St, Petersburg, VA 23803",(804) 861-5891
Dinwiddie,Dinwiddie Fire & EMS Admin,"13850 Courthouse Rd, Dinwiddie, VA 23841",(804) 469-5388
Dinwiddie,Dinwiddie County Recreation,"7301 Boydton Plank Rd, Petersburg, VA 23803",(804) 732-1100
Dinwiddie,Robert & Betty Ragsdale Community Center,"20916 Old School Rd, McKenney, VA 23872",(804) 478-6146
Dinwiddie,McKenny Town Fire Department,"10507 Doyle Blvd, McKenney, VA 23872",(804) 478-4661
Dinwiddie,McKenny Convenience Center,"11206 Marguerita D. Ragsdale St. McKenny, VA 23872",(804) 469-4500
Dinwiddie,Convenience Center,"13542 Boydton Plank Rd, Dinwiddie, VA 23841",(804) 469-4500
Dinwiddie,Dinwiddie Elementary School,13811 Boydton Plank Road,(804) 469-4500
Essex,ECHO Shelter ,"468 Hospital Road, Tappahannock, VA 22560",(804) 803-5463
Essex,Essex Intermediate School,"912 Intermediate School Circle, Tappahannock, VA 22560",(804) 443-3040
Fairfax,Bailey's Crossroads Community Shelter ,"3525 Moncure Ave, Falls Church VA",(703) 820-7621
Fairfax,Katherine Hanley Family Shelter,"12970 Katherine Hanley Court, Fairfax, VA 22030",(571) 522-6800
Fairfax,Embry Rucker Community Shelter ,"11975 Bowman Towne Drive, Reston, VA 20190",(703) 437-1975
Fairfax,Patrick Henery Family Shelter,"3080 Patrick Henry Drive, Falls Church, VA 22044",(703) 536-2155
Fairfax,Eleanor U. Kennedy Shelter,"9155 Richmond Highway, Fort Belvoir, VA 22060",(703) 799-0200
Fairfax,Embry Rucker Community Shelter,"11975 Bowman Towne Drive, Reston, VA 20190",(703) 437-1975
Fauquier,Fauquier Family Shelter Services,"95 Keith St, Warrenton, VA 20186",(540) 351-0130
Fauquier,Vint Hill Transitional Housing,"4383 Hunsberger Dr H, Warrenton, VA 20187",(540) 347-7374
Floyd,New River Community Action,"323 Floyd Hwy S, Floyd, VA 24091",540-745-2102
Fluvanna,None,.,0
Franklin,Franklin-Southampton Area United Way,"116 N Main St, Franklin, VA 23851",757-569-8929
Frederick,Winchester Rescue Mission,"435 N Cameron St, Winchester, VA 22601",540-667-5379
Frederick,Winchester Area Temporary Thermal Shelter,"5291 Main St, Stephens City, VA 22655",540-327-5431
Frederick,Congregational Community Action Project,"112 S Kent St, Winchester, VA 22601",540-662-4318
Frederick,United Way of Northern Shenandoah Valley,"329 N Cameron St, Winchester, VA 22601",540-536-1610
Frederick,House of Hope,"724 Warren Ave, Front Royal, VA 22630",540-635-2466
Giles,HOPE HOUSE,"138 Virginia Ave, Narrows, VA 24124",540-921-3843
Gloucester,Gloucester Social Services Department,"6641 Short Ln, Gloucester, VA 23061",804-693-2671
Goochland,Goochland County Social Services,"1800 Sandy Hook Rd, Goochland, VA 23063",804-556-5880
Grayson,Hanover Safe Place,"629A N Washington Hwy, Ashland, VA 23005",(804) 752-2728
Grayson,Crossroads Shelter Inc,"240 Calhoun St, Wytheville, VA 24382",276-228-9270
Grayson,Hope Ministries Center,"680 W Main St, Wytheville, VA 24382",276-228-5610
Greene,None,.,0
Greensville,Improvement Association,"1750 E Atlantic St, Emporia, VA 23847",434-634-2490
Halifax,Southside Outreach Group,"1425 Seymour Dr, South Boston, VA 24592",434-572-9556
Halifax,Misssionary United,"406 Traver Ave, South Boston, VA 24592",434-575-7211
Hanover,Emergency Shelters Inc.,"5 E Franklin St, Richmond, VA 23219",(804) 358-7747
Hanover,Habitat for Humanity: Hanover,"8177 Mechanicsville Turnpike, Mechanicsville, VA 23111",(804) 569-6226
Hanover,Hanover County Department of Social Services,"12304 S. Washington Highway Ashland, VA 23005",(804) 365-4100
Hanover,Homeless Point of Entry,"511 W. Grace Street Richmond, VA 23230",(804) 648-4177
Hanover,Hanover Safe Place,"629A N Washington Hwy, Ashland, VA 23005",(804) 752-2728
Hanover,Caritas,"1532 High Street, Richmond, VA 23330",(804) 358-0964
Hanover,Home Again,"2 E Main St, Richmond, VA 23219",(804) 358-7747
Hanover,Aces,"507 Caroline St., Ashland, VA 23005",(804) 798-2784
Henrico,Hermitage High School ,"8301 Hungary Spring Rd, Henrico, VA 23228",(804) 756-3000
Henrico,Elko Middle School,"5901 Elko Rd, Sandston, VA 23150",(804) 328-4110
Henrico,Pocahontas Middle School,"12000 Three Chopt Rd, Henrico, VA 23233",(804) 364-0830
Henrico,Holman Mddle School,"600 Concourse Blvd, Glen Allen, VA 23059",(804) 346-1300
Henrico,Glen Allen High School,"10700 Staples Mill Rd, Glen Allen, VA 23060",(804) 501-3300
Henrico,Short Pump Middle School,"4701 Pouncey Tract Rd, Glen Allen, VA 23059",(804) 360-0800
Henrico,Wilder Middle School,"6900 Wilkinson Rd, Richmond, VA 23227",(804) 515-1100
Henrico,Rolfie Middle School,"6901 Messer Rd, Henrico, VA 23231",(804) 226-8730
Henrico,Deep Run Recreation Center,"9900 Ridgefield Pkwy, Richmond, VA 23233",(804) 652-1430
Henrico,Dorey Park Recreation Center,"2999 Darbytown Rd, Henrico, VA 23231",(804) 652-1440
Henrico,Belmont Recreation Center,"1600 Hilliard Rd, Henrico, VA 23228",(804) 652-1410
Henrico,Eastern Recreation Center,"1440 N Laburnum Ave, Henrico, VA 23228",(804) 501-4000
Henrico,Fairfield Library,"1001 N. Laburnum Ave, Henrico, VA 23223",(804) 501-1930
Henrico,Gayton Library,"10600 Gayton Road, Henrico, VA 23238",(804) 501-1960
Henrico,Glen Allen Library,"10501 Staples Mill Road, Glen Allen, VA 23060",(804) 501-1950
Henrico,Libbie Mill Library,"2100 Libbie Lake East Street, Henrico, VA 23230",(804) 501-1940
Henrico,North Park Library,"8508 Franconia Road, Henrico, VA, 23227",(804) 501-1970
Henrico,Sandston Library,"23 E. Williamsburg Road, Sandston, VA 23150",(804) 501-1990
Henrico,Tukahoe Library,"1901 Starling Drive, Henrico, VA 23229",(804) 501-1910
Henrico,Twin Hickory Library,"5001 Twin Hickory Road, Glen Allen, VA 23059",(804) 501-1920
Henrico,Antioch School Community Center,"5650 Elko Road, Sandston, VA 23150",(804) 652-1400
Henrico,Armour House and Gardens at Meadowview Park,"4001 Clarendon Road, Henrico, VA 23223",(804) 652-1400
Henrico,"Belmont Park, Golf Course & Recreation Center","1600 Hilliard Road, Henrico, VA 23228",(804) 652-1410
Henrico,Confederate Hills Recreation Center,"302 Lee Avenue, Henrico, VA 23075",(804) 652-1420
Henrico,Deep Run Park & Recreation Center,"9900 Ridgefield Parkway, Henrico, VA 23233",(804) 652-1430
Henrico,Dorey Park and Recreation Center,"2999 Darbytown Road, Henrico, VA 23231",(804) 652-1440
Henrico,Eastern Henrico Recreation Center,"1440 N. Laburnum Avenue, Henrico, VA 23223",(804) 652-1450
Henrico,Elko Community Center & Recreation Area,"6216 White Oak Road, Sandston, VA 23150",(804) 652-1440
Henrico,Highland Springs Community Center & Recreation Area,"16 S. Ivy Avenue, Henrico, VA 23075",(804) 652-1420
Henrico,Varina Library,"1875 New Market Road, Henrico VA 23231",(804) 501-1980
Henry,United Way,"149 E Main St, Martinsville, VA 24112",(276) 638-3946
Henry,Grace Network of Martinsville,"16 Liberty St, Martinsville, VA 24112",(276) 638-8500
Henry,American Red Cross,"1081 Spruce St, Martinsville, VA 24112",(276) 632-5127
Henry,"STEP, Inc. ","6b Liberty St, Martinsville, VA 24112",(276) 638-8311
Highland,Highland County Social Services,"1st St, Monterey, VA 24465",(540) 468-2199
Highland,Highland Center,"Highland Center Dr, Monterey, VA 24465",(540) 468-1922
Isle of Wight,Smithfield Middle School,"14175 Turner Drive Smithfield, VA 23430",(757) 365-4100
Isle of Wight,Windsor High School,"24 Church Street Windsor, VA 23487",(757) 242-6172
Isle of Wight,Carrollton Elementary School,"14440 New Towns Haven Lane, carrollton, VA 23314",(757) 357-8850
Isle of Wight,Carrsville Elementary School,"5355 Carrsvill Hwy. Carrsville, VA 233115",(757) 357-8844
James City,Quarterpath Recreation Center,"202 Quarterpath Road, Williamsburg, VA 23185",(757) 259-3760
James City,Warhill High School,"4615 Opportunity Way, Williamsburg, VA 23188",(757) 565-4615
King and Queen,Lower King and Queen Vol. Fire Department,"250 Bohannan Park, Shacklefords, VA 23156",(804) 785-5975
King and Queen,Central King and Queen Vol. Fire Department,"398 Allens Circle, Shacklefords, VA 23156",(804) 785-5976
King and Queen,Walkerton Community Fire Association,"2874 Walkerton Landing Road, Walkerton, VA 23177",(804) 785-5977
King and Queen,King and Queen Central High School,"17024 The Trail King & Queen C.H., Va. 23085.",(804)-785-6102
King and Queen,King and Queen Rescue Squad,"155 Indian Neck Rd, Newtown, VA 23126",(804) 769-1100
King George,King George County Social Services,"Village Center Shopping Center, 10069 Kings Hwy, King George, VA 22485",(540) 775-3544
King George,King George Fire and Rescue,"8122 Kings Hwy, King George, VA 22485",(540) 775-2222
King William,None,.,0
Lancaster,None,.,0
Lee,Friendship Missionary Baptist Church,"28970 Daniel Boone Trail, Jonesville, VA 24263",(276) 346-1622
Loudoun,Good Shepherd Alliance,"20684 Ashburn Rd, Ashburn, VA 20147",(703) 724-1555
Loudoun,Loudoun County Youth Shelter,"16450 Meadowview Ct, Leesburg, VA 20175",(703) 771-5300
Loudoun,Cold Weather Shelter,"19520 Meadowview Court, Leesburg, VA 20175",(571) 258-3033
Loudoun,Loudoun Homeless Shelter,"16400 Meadowview Ct, Leesburg, VA 20175",(703 777-0420
Loudoun,Louduon County Family Services Department,"102 Heritage Way NE # 103, Leesburg, VA 20176",(703) 777-0353
Louisa,Louisa County Resource Council,"147 Resource Ln, Louisa, VA 23093",(540) 967-1510
Lunenburg,Lunenburg Social Services Department,"11387 Courthouse Rd, Lunenburg, VA 23952",(434) 696-2134
Madison ,MESA - Madison Emergeny Services Association,"927 Orange Rd, Madison, VA 22727",(540) 948-4427
Madison ,MLS 519378,"Pea Ridge Rd, Hood, VA 22723",0
Madison ,Madison County Social Services Department,"101 S Main St, Madison, VA 22727",(540) 948-5521
Mathews,Avalon Center,"10978 Buckley Hall Rd A, Mathews, VA 23109",(804) 725-0400
Mathews,Mathews Social Services Department,"536 Church St, Mathews, VA 23109",(804) 725-7192
Mathews,Hands Across Mathews,"State Rte 1004, Mathews, VA 23109",(804) 725-0934
Mathews,Central Methodist Church,"121 Church St, Mathews, VA 23109",(804) 725-2832
Mathews,Brambles,"300 Bella Terra Rd, Beaverlett, VA 23109",(804) 725-3800
Mecklenburg,.,.,0
Middlesex,Middlesex Social Services Department,"2893 General Puller Hwy, Saluda, VA 23149",(804) 758-2348
Montgomery,New River Community Action Inc,"110 Roanoke St, Christiansburg, VA 24073",(540) 382-6186
Montgomery,United Way of the New River Valley,"111 W Main St, Christiansburg, VA 24073",(540) 381-2066
Montgomery,CHIP of the New River Valley,"114 N Franklin St, Christiansburg, VA 24073",(540) 394-3255
Montgomery,St. Michael Lutheran Church,"2308 Merrimac Rd, Blacksburg, VA 24060",(540) 951-8951
Montgomery,NRV CARES,"205 W Main St #4, Christiansburg, VA 24073",(540) 381-8310
Montgomery,New River Community Action,"1093 E Main St, Radford, VA 24141",(540) 633-5133
Montgomery,Montgomery County Animal Care and Adoption Center,"480 Cinnabar Rd, Christiansburg, VA 24073",(540) 382-5795
Montgomery,Head Start Program,"306 W Main St, Radford, VA 24141",(540) 731-4107
Montgomery,Radford Fairlawn Daily Bread,"501 E Main St, Radford, VA 24141",(540) 639-0290
Montgomery,Hobbs Herbert G United Methodist Church,"111 Church St SE, Blacksburg, VA 24060",(540) 552-5424
Montgomery,HOPE HOUSE,"138 Virginia Ave, Narrows, VA 24124",(540) 921-3843
Montgomery,Blacksburg Interfaith Food Pantry,"706 Harding Ave, Blacksburg, VA 24060",(540) 951-8134
Montgomery,Women's Resource Center,"1217 Grove Ave, Radford, VA 24141",(540) 639-9592
Montgomery,Unitarian Universalist Congregation,"1301 Gladewood Dr, Blacksburg, VA 24060",(540) 552-9716
Montgomery,None,.,0
Montgomery,Blacksburg Head Start Program,"701 Church St SE, Blacksburg, VA 24060",(540) 552-0490
Montgomery,Grace Episcopal Church,"210 4th St, Radford, VA 24141",(540) 639-3494
Montgomery,NAACP,"570 High St NE, Christiansburg, VA 24073",(540) 382-6751
Neison,Friends-Falls Church Homeless Shelter,"217 Gordon Rd, Falls Church, VA 22046",(703) 854-1400
New Kent,Quin Rivers Inc.,"12025 Courthouse Cir #300, New Kent, VA 23124",(804) 966-8720
New Kent,New Kent Department of Social Services,"7911 Courthouse Cir, New Kent, VA 23124",(804) 966-1853
New Kent,Corinth Baptist Church,"11650 New Kent Hwy, New Kent, VA 23124",(804) 966-5635
Northampton,Catholic Charities Hampton,"3100 Main St, Exmore, VA 23350",(757) 442-6211
Northampton,American Red Cross,"36306 Lankford Hwy, Belle Haven, VA 23306",(757) 442-4750
Northampton,The Salvation Army Emergency Men's Shelter,"203 W 19th St, Norfolk, VA 23517",(757) 622-3471
Northampton,LaCrosse State,"2407 Pacific Ave, Virginia Beach, VA 23451",0
Northampton,Light House Ministries Inc.,"18317 N R North St, Keller, VA 23401",(757) 787-2535
Northampton,The Union Mission Ministries,"5100 E Virginia Beach Blvd, Norfolk, VA 23502",(757) 627-8686
Northampton,Avalon Center,"10978 Buckley Hall Rd A, Mathews, VA 23109",(804) 725-0400
Northampton,Virginia Beach Housing Resource Center,"104 N Witchduck Rd, Virginia Beach, VA 23462",(757) 385-5167
Northampton,Community Housing Partners,"2410 West Ave, Newport News, VA 23607",(757) 244-2836
Northampton,Seton Youth Shelter,"101 N Lynnhaven Rd #101, Virginia Beach, VA 23452",(757) 963-5795
Northampton,"Help, Inc (Hampton Roads Ecumenical Lodging and Provisions, Inc.)","1320 LaSalle Ave, Hampton, VA 23669",(757) 727-2577
Northampton,Volunteers of America,"5677 Herbert Moore Rd, Virginia Beach, VA 23462",(757) 497-1900
Northampton,Judeo-Christian Outreach Center,"1053 Virginia Beach Blvd, Virginia Beach, VA 23451",(757) 491-2846
Northampton,"ForKids, Inc.","4200 Colley Ave A, Norfolk, VA 23508",(757) 622-6400
Northampton,Habitat for Humanity Restore,"3271 Main St, Exmore, VA 23350",(757) 442-3500
Northampton,Franktown United Methodist Church,"7551 Bayside Rd, Franktown, VA 23354",(757) 442-3481
Northampton,Trinity United Methodist Church,"Cape Charles, VA 23310",(757) 331-2564
Northampton,Johnson's United Methodist Church,"11175 Bayside Rd, Machipongo, VA 23405",(757) 678-7707
Northampton,Norfolk Urban Outreach Ministry,"972 Norfolk Square, Norfolk, VA 23502",(757) 461-4213
Northumberland,American Red Cross,"6348 Northumberland Hwy, Heathsville, VA 22473",(804) 580-4933
Northumberland,Northumberland Social Services Department,"6373 Northumberland Hwy # A, Heathsville, VA 22473",(804) 580-3477
Northumberland,Habitat For Humanity,"460 N Main St, Kilmarnock, VA 22482",(804) 435-3461
Northumberland,American Red Cross,"39 Harris Rd, Kilmarnock, VA 22482",(804) 435-7669
Northumberland,Northern Neck Humane Society,"Reedville, VA 22539",(804) 472-2727
Nottoway,Nottoway County Social Services,"288 W Courthouse Rd, Nottoway Court House, VA 23955",(434) 645-8494
Orange,Orange County Department-Social Services,"146 S Madison Rd Suite 201, Orange, VA 22960",(540) 672-1155
Orange,Community Touch Inc,"10499 Jerico Rd, Bealeton, VA 22712",(540) 439-9300
Orange,MESA - Madison Emergeny Services Association,"927 Orange Rd, Madison, VA 22727",(540) 948-4427
Orange,Thurman Brisben Center,"471 Central Rd, Fredericksburg, VA 22401",(540) 899-9853
Orange,Orange County Sheriff's Office,"11350 Porter Rd, Orange, VA 22960",(540) 672-1200
Orange,Fauquier Family Shelter Services,"95 Keith St, Warrenton, VA 20186",(540) 351-0130
Orange,Sheltering Arms,"454 N Madison Rd, Orange, VA 22960",(540) 672-6210
Page,Choices Inc.,"216 W Main St, Luray, VA 22835",(540) 743-4414
Page,United Way,"34 Stoney Brook Ln, Luray, VA 22835",(540) 743-1662
Page,Habitat For Humanity,"1050 Almond Dr, Luray, VA 22835",(540) 843-4948
Page,Fauquier Family Shelter Services,"95 Keith St, Warrenton, VA 20186",(540) 351-0130
Patrick,Disaster Relief Food Ministry,"7403 Salem Highway Stuart, VA  24171",276-694-2289
Pittsylvania,None,.,0
Powhatan,None,.,0
Prince Edward,Prince Edward County Middle School,"35 Eagle Dr, Farmville, VA 23901",(434) 315-2120
Price George,None,.,0
Prince William,None,.,0
Pulaski,None,.,0
Rappahanock,None,.,0
Richmond,Linwood Holton Elementary School ,1600 W. Laburnum Avenue,0
Richmond,Blackwell Elementary School, 1600 Everett Street,0
Rockingham,Salvation Army Emergency Shelter,"895 Jefferson St, Harrisonburg, VA 22802",(540) 433-2785
Russel,None,.,0
Scott,Mountain Community Action,"602 S Iron St, Marion, VA 24354",276-783-7337
Shenandoah,Franklin-Southampton Area United Way,"116 N Main St, Franklin, VA 23851",757-569-8929
Smyth,Union Mission New Life Center,"19034 Union Mission Dr, Franklin, VA 23851",757-569-8686
Southampton,Franklin Southampton Economic Development Inc,"601 N Mechanic St #300, Franklin, VA 23851",757-562-1958
Southampton,Improvement Association,"1750 E Atlantic St, Emporia, VA 23847",434-634-2490
Southampton,Mary's Shelter,"1601 Princess Anne St, Fredericksburg, VA 22401",540-374-3407
Southampton,Spotsylvania Emergency Concern,"8812 Courthouse Rd, Spotsylvania Courthouse, VA 22553",540-582-2465
Spotsylvania,Serve Inc,"15 Upton Ln, Stafford, VA 22554",540-288-9603
Spotsylvania,Surry County Social Services Department,"45 School St, Surry, VA 23883",757-294-5240
Stafford,Sussex County Social Services,"20103 Princeton Rd, Sussex, VA 23884",434-246-1083
Surry,Cares Shelter,"244 Halifax St, Petersburg, VA 23803",804-861-0849
Sussex,Tazewell House,"130 W Main St, Tazewell, VA 24651",276-988-3508
Sussex,Fauquier Family Shelter Services,"95 Keith St, Warrenton, VA 20186",540-351-0130
Tazewell,C-Cap,"316 N Royal Ave # Ll, Front Royal, VA 22630",540-636-2448
Warren,Northwestern Community Services,"75 S Royal Ave, Front Royal, VA 22630",540-636-2931
Warren,Cornerstones,"11484 Washington Plaza W #120, Reston, VA 20190",None
Warren,The Haven Shelter & Services Administrative Office,"102 Walnut St, Warsaw, VA 22572",804-333-1099
Washington,Family Crisis Support Services Inc,"701 Kentucky Ave SE, Norton, VA 24273",276-679-7240
Westmoreland,Hope Ministries Center,"680 W Main St, Wytheville, VA 24382",276-228-5610
Wise,Crossroads Shelter Inc,"240 Calhoun St, Wytheville, VA 24382",276-228-9270
Wythe,Natasha House,"124 Goodwin Neck Rd, Yorktown, VA 23692",757-898-1993
Wythe,NAACP,"479 McLaws Cir # 3, Williamsburg, VA 23185",757-229-3113
York,Housing Partnership Inc,"115 Palace Ln, Williamsburg, VA 23185",757-221-0225
