Name of Shelter,County,Location,Phone Number 
Accawmacke Elementary School,Accomack,"26230 Drummondtown Rd, Accomac, VA 23301",757 787 8013
Arcadia Middle School,Accomack,"29485 Horsey Rd, Oak Hall, VA 23416",(757) 824-4862
Arcadia High School,Accomack,"8210 Lankford Hwy, Oak Hall, VA 23416",(757) 824-5613
Metompkin Elementary School,Accomack,"24501 Parksley Rd, Parksley, VA 23421",(757) 665-1299
Nandua Middle School,Accomack,"20330 Warrior Dr, Onley, VA 23418","(757) 787-7037
"
Nandua High School,Accomack,"26350 Lankford Hwy, Onley, VA 23418",(757) 787-4514
.,Albemarle,.,0
.,Alleghany,.,0
.,Amelia,.,0
.,Amherst,.,0
.,Appomattox,.,0
Bridges to Independence – Sullivan House,Arlington,"3103 9th Road North, Arlington, VA 22201", 703-525-7177
Riverheads Elementary School,Augusta,"239 Don Hanger Cir, Staunton, VA 24401",(540) 337-2535
.,Bath,.,0
.,Bedford,.,0
Bland County Social Services Department,Bland,"612 Main St #208, Bland, VA 24315",(276) 688 4111
Bland Ministry Center,Bland,"65 Seddon St, Bland, VA 24315",(276) 688-4701
Crossroads Shelter Inc,Bland," 240 Calhoun St, Wytheville, VA 24382",(276) 228-9270
Bland County Nursing & Rehab,Bland,"12185 Grapefield Rd, Bastian, VA 24314",(276) 688-4141
Bland County Historical Society,Bland,"19 Ct House St, Bland, VA 24315",(276) 688-0088
Samaritan Inn,Botetourt,"543 Salem Ave SW # A, Roanoke, VA 24016",(540) 343-1447
Trust-The Roanoke vally Trouble,Botetourt,"404 Elm Ave, Roanoke, VA 24016",(540) 344-8060
Family Promise of Greater Roanoke,Botetourt,"37 E Clay St, Salem, VA 24153",(540) 444-7374
Rescue Mission Ministries,Boutetourt,"402 4th St SE, Roanoke, VA 24013",(540) 343-7227
Wilson Creek Shelter,Boutetourt,"Appalachian Trail, Fincastle, VA 24090",0
Lamberts Meadow Shelter,Boutetourt,"Troutville, VA 24175",0
American Red Cross,Boutetourt,"1610 Oakhill Ave, Clifton Forge, VA 24422",0
Community Housing Resource Center,Boutetourt,"339 Salem Ave SW, Roanoke, VA 24016",(540) 266-7551
Ram House,Boutetourt,"824 Campbell Ave SW, Roanoke, VA 24016",(540) 343-3753
County Of Botetourt Department of Social Services,Boutetourt,"220 Commons Pkwy, Daleville, VA 24083",(540) 591-5960
Saint Francis Service Dogs,Boutetourt,"8232 Enon Dr, Roanoke, VA 24019",(540) 342-3647
League For Animal Protection,Boutetourt,"603 Poor Farm Rd, Fincastle, VA 24090",(540) 473-3853
Salvation Army,Boutetourt,"724 Dale Ave SE, Roanoke, VA 24013",(540) 343-5335
Brunswisck County Social Services Department,Brunswisck,"201 Sharp St # 100, Lawrenceville, VA 23868",(434) 848-2142
Brunswisck County Animal Shelter,Brunswisck,"595 Planters Rd, Lawrenceville, VA 23868",(434) 848-0912
Shepherd's Inn,Brunswisck,"415 W Danville St, South Hill, VA 23970",(434) 447-2736
Buchanan County Animal Shelter,Buchanan,"1191 Dogpound Rd, Grundy, VA 24614",(276) 935-4067
Buckingham County Animal Country,Buckingham,"9659 Andersonville Rd, Buckingham, VA 23921",(434) 983-9318
Buckingham County Social Services,Buckingham,"13360 W James Anderson Hwy, Buckingham, VA 23921",(434) 969-4246
"Christian Outreach Program & Pregnancy Center, Inc",Buckingham,"23878 N James Madison Hwy, Dillwyn, VA 23936",(434) 983-8643
The Haven At First And Market,Buckingham,"112 W Market St, Charlottesville, VA 22902",(434) 973-1234
Campbell County Social Services,Campbell,"69 Kabler Ln, Rustburg, VA 24588",(434) 592-9585
Friends of Cambell County Animal Control,Campbell,"1400 Edley Place Lynchburg, VA 24502",(434) 485-6242
Hand Up Lodge,Campbell,"618 Fifth St, Lynchburg, VA 24504",(434) 846-8715
Campbell County Br of NAACP,Campbell,"581 Mohawk Rd, Long Island, VA 24569",(434) 283-8100
Fairview United Methodist Church,Campbell,"3041 Campbell Ave, Lynchburg, VA 24501",(434) 845-4024
"DePaul Community Resources, Inc.",Campbell,"4859 Waterlick Rd, Forest, VA 24551",(434) 455-3727
Park View Community Misison,Campbell,"2420 Memorial Ave, Lynchburg, VA 24501",(434) 845-8468
American Red Cross,Campbell,"1007 Sheffield Dr, Lynchburg, VA 24502",(434) 845-1234
211 Virginia Central Region,Campbell,"1010 Miller Park Square, Lynchburg, VA 24501",(434) 845-8016
DePaul Family Services,Campbell,"4835 Waterlick Rd, Forest, VA 24551",(434) 525-9060
The Gateway Program,Campbell,"300 12th St, Lynchburg, VA 24504",(434) 846-3311
St Peter's Episcopal Church,Campbell,"1010 Broad St, Altavista, VA 24517",(434) 369-5291
Hyland Heights Baptist Church,Campbell,"11452 Wards Rd N, Rustburg, VA 24588",(434) 821-6906
Rustburg United Methodist Church,Campbell,"664 Village Hwy, Rustburg, VA 24588",(434) 332-5454
ACTS Homeless Shelter,Caroline,"17866 Main St, Dumfries, VA 22026",(703) 221-3188
Caroline County Social Services,Caroline,"17202 Richmond Turnpike, Milford, VA 22514",(804) 633-5071
Hanover Safe Place,Caroline,"629A N Washington Hwy, Ashland, VA 23005",(804) 752-2728
Project Faith,Caroline,"10073 Kings Hwy, King George, VA 22485",(540) 775-3492
Thurman Brisben Center,Caroline,"471 Central Rd, Fredericksburg, VA 22401",(540) 899-9853
Hope House,Caroline,"902 Lafayette Blvd, Fredericksburg, VA 22401",(540) 371-0831
SPCA,Caroline,"10819 Courthouse Rd, Fredericksburg, VA 22408",(540) 898-1500
Mary's Shelter,Caroline,"1601 Princess Anne St, Fredericksburg, VA 22401",(540) 374-3407
Christian Relief Services,Caroline,"309 Lansdowne Rd, Fredericksburg, VA 22401",(540) 371-1499
Caroline County Little League,Caroline,"15496 Paige Rd, Bowling Green, VA 22427",(804) 633-4332
Central Virginia Housing Coalition,Caroline,"208 Hudgins Rd, Fredericksburg, VA 2240",(540) 604-9943
Micah Ecumenical Ministries,Caroline,"1013 Princess Anne St, Fredericksburg, VA 22401",(540) 479-4116
Aces,Caroline,"507 Caroline St # B, Ashland, VA 23005",(804) 798-2784
Kirk/ Alexandra,Caroline,"3105 Mayo's Woods Ct, Goochland, VA 23063",0
Carroll County Social Services,Carroll,"605 Pine St # 8, Hillsville, VA 24343",(276) 730-3130
Galax Carroll Grayson Shelter,Carroll,"200 Fair St, Galax, VA 24333",(276) 236-8501
Hillsville Lions Club,Carroll,"2664 Carrollton Pike, Hillsville, VA 24343",(276) 733-5974
United Way Of Hopewell,Charles City,"210 N 2nd Ave, Hopewell, VA 23860",(804) 541-3969
A Taste of Heaven Sanctuary,Charles City,"14314 Sandy Point Rd, Charles City, VA 23030",N/A ?????
John Randolph Foundation,Charles City,"112 N Main St, Hopewell, VA 23860",(804) 458-2239
VFW Post 637,Charles City,"1400 Lynchburg St, Hopewell, VA 23860",(804) 452-4244
Little Elam Baptist Church,Charles City,"8840 Church Ln, Charles City, VA 23030",(804) 829-2053
City of Hopewell Animal Shelter,Charles City,"507 Station St, Hopewell, VA 23860",(804) 541-2204
Memorial United Methodist Church,Charles City,"11000 Courthouse Rd, Charles City, VA 23030",(804) 829-6411
First Baptist Church,Charles City,"401 N 2nd Ave, Hopewell, VA 23860",(804) 458-2752
Humane Society of Hopewell,Charles City,"3412 Oaklawn Blvd, Hopewell, VA 23860",(804) 458-7303
American Legion,Charles City,"217 E City Point Rd, Hopewell, VA 23860",(804) 541-3735
Charlotte Social Services Department,Charlotte County,"400 Thomas Jefferson Hwy, Charlotte Court House, VA 23923",(434) 542-5164
American Cancer Society,Charlotte County,"130 Legrande Ave, Charlotte Court House, VA 23923",(434) 542-4334
CCHASM Alliance for Social Ministry,Chesterfield,"1741 Chesterfield, VA 23832",0
"Bensley-Bermuda Volunteer Rescue Squad, Inc.",Chesterfield,"2500 Rio Vista Street Chester, VA 23831",(804) 748 6122
Salvation Army Shelter and Transitional Housing,Chesterfield,"9901 Lori Road Chesterfield, VA 23832",(804) 748-1000
Berryville Main Street,Clarke,"23 E Main St, Berryville, VA 22611",(540) 955-4001
FISH of Clarke County,Clarke,"311 E Main St, Berryville, VA 22611",(540) 955-1823
.,Craig,.,0
Culpeper Housing and Shelter Services,Culpeper,"602 S Main St #3, Culpeper, VA 22701",(540) 825-7434
Culpeper County Animal Control,Culpeper,"10144 James Monroe Hwy, Culpeper, VA 22701",(540) 547-4477
Culpeper Winter Heat Shelter,Culpeper,"1200 Old Rixeyville Rd, Culpeper, VA 22701",(540) 317-0030
Humane Society of Culpeper,Culpeper,"57 S West St, Culpeper, VA 22701",(540) 727-7554
Cumberland County Department of Social Services,Cumberland,"71 Community Center Dr, Cumberland, VA 23040",(804) 492-4915
.,Dickenson,.,0
Dinwiddie Volunteer Fire and EMS Co.1,Dinwiddie,"13516 Boydton Plank Rd, Dinwiddie, VA 23841",(804) 469-3066
Ford Volunteer Fire Department,Dinwiddie,"13402 Cox Rd, Church Rd, VA 23833",(804) 265-5858
Namozine Vol Fire Department,Dinwiddie,"3913 Pelham St, Petersburg, VA 23803",(804) 861-5891
Dinwiddie Fire & EMS Admin,Dinwiddie,"13850 Courthouse Rd, Dinwiddie, VA 23841",(804) 469-5388
Dinwiddie County Recreation,Dinwiddie,"7301 Boydton Plank Rd, Petersburg, VA 23803",(804) 732-1100
Robert & Betty Ragsdale Community Center,Dinwiddie,"20916 Old School Rd, McKenney, VA 23872",(804) 478-6146
McKenny Town Fire Department,Dinwiddie,"10507 Doyle Blvd, McKenney, VA 23872",(804) 478-4661
McKenny Convenience Center,Dinwiddie,"11206 Marguerita D. Ragsdale St. McKenny, VA 23872",(804) 469-4500
Convenience Center,Dinwiddie,"13542 Boydton Plank Rd, Dinwiddie, VA 23841",(804) 469-4500
Dinwiddie Elementary School,Dinwiddie,13811 Boydton Plank Road,(804) 469-4500
ECHO Shelter ,Essex,"468 Hospital Road, Tappahannock, VA 22560",(804) 803-5463
Essex Intermediate School,Essex,"912 Intermediate School Circle, Tappahannock, VA 22560",(804) 443-3040
Bailey's Crossroads Community Shelter ,Fairfax,"3525 Moncure Ave, Falls Church VA",(703) 820-7621
Katherine Hanley Family Shelter,Fairfax,"12970 Katherine Hanley Court, Fairfax, VA 22030",(571) 522-6800
Embry Rucker Community Shelter ,Fairfax,"11975 Bowman Towne Drive, Reston, VA 20190",(703) 437-1975
Patrick Henery Family Shelter,Fairfax,"3080 Patrick Henry Drive, Falls Church, VA 22044",(703) 536-2155
Eleanor U. Kennedy Shelter,Fairfax,"9155 Richmond Highway, Fort Belvoir, VA 22060",(703) 799-0200
Embry Rucker Community Shelter,Fairfax,"11975 Bowman Towne Drive, Reston, VA 20190",(703) 437-1975
Fauquier Family Shelter Services,Fauquier,"95 Keith St, Warrenton, VA 20186",(540) 351-0130
Vint Hill Transitional Housing,Fauquier,"4383 Hunsberger Dr H, Warrenton, VA 20187",(540) 347-7374
New River Community Action,Floyd,"323 Floyd Hwy S, Floyd, VA 24091",540-745-2102
.,Fluvanna,.,0
Franklin-Southampton Area United Way,Franklin,"116 N Main St, Franklin, VA 23851",757-569-8929
Winchester Rescue Mission,Frederick,"435 N Cameron St, Winchester, VA 22601",540-667-5379
Winchester Area Temporary Thermal Shelter,Frederick,"5291 Main St, Stephens City, VA 22655",540-327-5431
Congregational Community Action Project,Frederick,"112 S Kent St, Winchester, VA 22601",540-662-4318
United Way of Northern Shenandoah Valley,Frederick,"329 N Cameron St, Winchester, VA 22601",540-536-1610
House of Hope,Frederick,"724 Warren Ave, Front Royal, VA 22630",540-635-2466
HOPE HOUSE,Giles,"138 Virginia Ave, Narrows, VA 24124",540-921-3843
Gloucester Social Services Department,Gloucester,"6641 Short Ln, Gloucester, VA 23061",804-693-2671
Goochland County Social Services,Goochland,"1800 Sandy Hook Rd, Goochland, VA 23063",804-556-5880
Hanover Safe Place,Grayson,"629A N Washington Hwy, Ashland, VA 23005",(804) 752-2728
Crossroads Shelter Inc,Grayson,"240 Calhoun St, Wytheville, VA 24382",276-228-9270
Hope Ministries Center,Grayson,"680 W Main St, Wytheville, VA 24382",276-228-5610
.,Greene,.,0
Improvement Association,Greensville,"1750 E Atlantic St, Emporia, VA 23847",434-634-2490
Southside Outreach Group,Halifax,"1425 Seymour Dr, South Boston, VA 24592",434-572-9556
Misssionary United,Halifax,"406 Traver Ave, South Boston, VA 24592",434-575-7211
Emergency Shelters Inc.,Hanover,"5 E Franklin St, Richmond, VA 23219",(804) 358-7747
Habitat for Humanity: Hanover,Hanover,"8177 Mechanicsville Turnpike, Mechanicsville, VA 23111",(804) 569-6226
Hanover County Department of Social Services,Hanover,"12304 S. Washington Highway Ashland, VA 23005",(804) 365-4100
Homeless Point of Entry,Hanover,"511 W. Grace Street Richmond, VA 23230",(804) 648-4177
Hanover Safe Place,Hanover,"629A N Washington Hwy, Ashland, VA 23005",(804) 752-2728
Caritas,Hanover,"1532 High Street, Richmond, VA 23330",(804) 358-0964
Home Again,Hanover,"2 E Main St, Richmond, VA 23219",(804) 358-7747
Aces,Hanover,"507 Caroline St., Ashland, VA 23005",(804) 798-2784
Hermitage High School ,Henrico,"8301 Hungary Spring Rd, Henrico, VA 23228",(804) 756-3000
Elko Middle School,Henrico,"5901 Elko Rd, Sandston, VA 23150",(804) 328-4110
Pocahontas Middle School,Henrico,"12000 Three Chopt Rd, Henrico, VA 23233",(804) 364-0830
Holman Mddle School,Henrico,"600 Concourse Blvd, Glen Allen, VA 23059",(804) 346-1300
Glen Allen High School,Henrico,"10700 Staples Mill Rd, Glen Allen, VA 23060",(804) 501-3300
Short Pump Middle School,Henrico,"4701 Pouncey Tract Rd, Glen Allen, VA 23059",(804) 360-0800
Wilder Middle School,Henrico,"6900 Wilkinson Rd, Richmond, VA 23227",(804) 515-1100
Rolfie Middle School,Henrico,"6901 Messer Rd, Henrico, VA 23231",(804) 226-8730
Deep Run Recreation Center,Henrico,"9900 Ridgefield Pkwy, Richmond, VA 23233",(804) 652-1430
Dorey Park Recreation Center,Henrico,"2999 Darbytown Rd, Henrico, VA 23231",(804) 652-1440
Belmont Recreation Center,Henrico,"1600 Hilliard Rd, Henrico, VA 23228",(804) 652-1410
Eastern Recreation Center,Henrico,"1440 N Laburnum Ave, Henrico, VA 23228",(804) 501-4000
Fairfield Library,Henrico,"1001 N. Laburnum Ave, Henrico, VA 23223",(804) 501-1930
Gayton Library,Henrico,"10600 Gayton Road, Henrico, VA 23238",(804) 501-1960
Glen Allen Library,Henrico,"10501 Staples Mill Road, Glen Allen, VA 23060",(804) 501-1950
Libbie Mill Library,Henrico,"2100 Libbie Lake East Street, Henrico, VA 23230",(804) 501-1940
North Park Library,Henrico,"8508 Franconia Road, Henrico, VA, 23227",(804) 501-1970
Sandston Library,Henrico,"23 E. Williamsburg Road, Sandston, VA 23150",(804) 501-1990
Tukahoe Library,Henrico,"1901 Starling Drive, Henrico, VA 23229",(804) 501-1910
Twin Hickory Library,Henrico,"5001 Twin Hickory Road, Glen Allen, VA 23059",(804) 501-1920
Antioch School Community Center,Henrico,"5650 Elko Road, Sandston, VA 23150",(804) 652-1400
Armour House and Gardens at Meadowview Park,Henrico,"4001 Clarendon Road, Henrico, VA 23223",(804) 652-1400
"Belmont Park, Golf Course & Recreation Center",Henrico,"1600 Hilliard Road, Henrico, VA 23228",(804) 652-1410
Confederate Hills Recreation Center,Henrico,"302 Lee Avenue, Henrico, VA 23075",(804) 652-1420
Deep Run Park & Recreation Center,Henrico,"9900 Ridgefield Parkway, Henrico, VA 23233",(804) 652-1430
Dorey Park and Recreation Center,Henrico,"2999 Darbytown Road, Henrico, VA 23231",(804) 652-1440
Eastern Henrico Recreation Center,Henrico,"1440 N. Laburnum Avenue, Henrico, VA 23223",(804) 652-1450
Elko Community Center & Recreation Area,Henrico,"6216 White Oak Road, Sandston, VA 23150",(804) 652-1440
Highland Springs Community Center & Recreation Area,Henrico,"16 S. Ivy Avenue, Henrico, VA 23075",(804) 652-1420
Varina Library,Henrico,"1875 New Market Road, Henrico VA 23231",(804) 501-1980
United Way,Henry,"149 E Main St, Martinsville, VA 24112",(276) 638-3946
Grace Network of Martinsville,Henry,"16 Liberty St, Martinsville, VA 24112",(276) 638-8500
American Red Cross,Henry,"1081 Spruce St, Martinsville, VA 24112",(276) 632-5127
"STEP, Inc. ",Henry,"6b Liberty St, Martinsville, VA 24112",(276) 638-8311
Highland County Social Services,Highland,"1st St, Monterey, VA 24465",(540) 468-2199
Highland Center,Highland,"Highland Center Dr, Monterey, VA 24465",(540) 468-1922
Smithfield Middle School,Isle of Wight,"14175 Turner Drive Smithfield, VA 23430",(757) 365-4100
Windsor High School,Isle of Wight,"24 Church Street Windsor, VA 23487",(757) 242-6172
Carrollton Elementary School,Isle of Wight,"14440 New Towns Haven Lane, carrollton, VA 23314",(757) 357-8850
Carrsville Elementary School,Isle of Wight,"5355 Carrsvill Hwy. Carrsville, VA 233115",(757) 357-8844
Quarterpath Recreation Center,James City,"202 Quarterpath Road, Williamsburg, VA 23185",(757) 259-3760
Warhill High School,James City,"4615 Opportunity Way, Williamsburg, VA 23188",(757) 565-4615
Lower King and Queen Vol. Fire Department,King and Queen,"250 Bohannan Park, Shacklefords, VA 23156",(804) 785-5975
Central King and Queen Vol. Fire Department,King and Queen,"398 Allens Circle, Shacklefords, VA 23156",(804) 785-5976
Walkerton Community Fire Association,King and Queen,"2874 Walkerton Landing Road, Walkerton, VA 23177",(804) 785-5977
King and Queen Central High School,King and Queen,"17024 The Trail King & Queen C.H., Va. 23085.",(804)-785-6102
King and Queen Rescue Squad,King and Queen,"155 Indian Neck Rd, Newtown, VA 23126",(804) 769-1100
King George County Social Services,King George,"Village Center Shopping Center, 10069 Kings Hwy, King George, VA 22485",(540) 775-3544
King George Fire and Rescue,King George,"8122 Kings Hwy, King George, VA 22485",(540) 775-2222
.,King William,.,0
.,Lancaster,.,0
Friendship Missionary Baptist Church,Lee,"28970 Daniel Boone Trail, Jonesville, VA 24263",(276) 346-1622
Good Shepherd Alliance,Loudoun,"20684 Ashburn Rd, Ashburn, VA 20147",(703) 724-1555
Loudoun County Youth Shelter,Loudoun,"16450 Meadowview Ct, Leesburg, VA 20175",(703) 771-5300
Cold Weather Shelter,Loudoun,"19520 Meadowview Court, Leesburg, VA 20175",(571) 258-3033
Loudoun Homeless Shelter,Loudoun,"16400 Meadowview Ct, Leesburg, VA 20175",(703 777-0420
Louduon County Family Services Department,Loudoun,"102 Heritage Way NE # 103, Leesburg, VA 20176",(703) 777-0353
Louisa County Resource Council,Louisa,"147 Resource Ln, Louisa, VA 23093",(540) 967-1510
Lunenburg Social Services Department,Lunenburg,"11387 Courthouse Rd, Lunenburg, VA 23952",(434) 696-2134
MESA - Madison Emergeny Services Association,Madison ,"927 Orange Rd, Madison, VA 22727",(540) 948-4427
MLS 519378,Madison ,"Pea Ridge Rd, Hood, VA 22723",0
Madison County Social Services Department,Madison ,"101 S Main St, Madison, VA 22727",(540) 948-5521
Avalon Center,Mathews,"10978 Buckley Hall Rd A, Mathews, VA 23109",(804) 725-0400
Mathews Social Services Department,Mathews,"536 Church St, Mathews, VA 23109",(804) 725-7192
Hands Across Mathews,Mathews,"State Rte 1004, Mathews, VA 23109",(804) 725-0934
Central Methodist Church,Mathews,"121 Church St, Mathews, VA 23109",(804) 725-2832
Brambles,Mathews,"300 Bella Terra Rd, Beaverlett, VA 23109",(804) 725-3800
.,Mecklenburg,.,0
Middlesex Social Services Department,Middlesex,"2893 General Puller Hwy, Saluda, VA 23149",(804) 758-2348
New River Community Action Inc,Montgomery,"110 Roanoke St, Christiansburg, VA 24073",(540) 382-6186
United Way of the New River Valley,Montgomery,"111 W Main St, Christiansburg, VA 24073",(540) 381-2066
CHIP of the New River Valley,Montgomery,"114 N Franklin St, Christiansburg, VA 24073",(540) 394-3255
St. Michael Lutheran Church,Montgomery,"2308 Merrimac Rd, Blacksburg, VA 24060",(540) 951-8951
NRV CARES,Montgomery,"205 W Main St #4, Christiansburg, VA 24073",(540) 381-8310
New River Community Action,Montgomery,"1093 E Main St, Radford, VA 24141",(540) 633-5133
Montgomery County Animal Care and Adoption Center,Montgomery,"480 Cinnabar Rd, Christiansburg, VA 24073",(540) 382-5795
Head Start Program,Montgomery,"306 W Main St, Radford, VA 24141",(540) 731-4107
Radford Fairlawn Daily Bread,Montgomery,"501 E Main St, Radford, VA 24141",(540) 639-0290
Hobbs Herbert G United Methodist Church,Montgomery,"111 Church St SE, Blacksburg, VA 24060",(540) 552-5424
HOPE HOUSE,Montgomery,"138 Virginia Ave, Narrows, VA 24124",(540) 921-3843
Blacksburg Interfaith Food Pantry,Montgomery,"706 Harding Ave, Blacksburg, VA 24060",(540) 951-8134
Women's Resource Center,Montgomery,"1217 Grove Ave, Radford, VA 24141",(540) 639-9592
Unitarian Universalist Congregation,Montgomery,"1301 Gladewood Dr, Blacksburg, VA 24060",(540) 552-9716
.,Montgomery,.,0
Blacksburg Head Start Program,Montgomery,"701 Church St SE, Blacksburg, VA 24060",(540) 552-0490
Grace Episcopal Church,Montgomery,"210 4th St, Radford, VA 24141",(540) 639-3494
NAACP,Montgomery,"570 High St NE, Christiansburg, VA 24073",(540) 382-6751
Friends-Falls Church Homeless Shelter,Neison,"217 Gordon Rd, Falls Church, VA 22046",(703) 854-1400
Quin Rivers Inc.,New Kent,"12025 Courthouse Cir #300, New Kent, VA 23124",(804) 966-8720
New Kent Department of Social Services,New Kent,"7911 Courthouse Cir, New Kent, VA 23124",(804) 966-1853
Corinth Baptist Church,New Kent,"11650 New Kent Hwy, New Kent, VA 23124",(804) 966-5635
Catholic Charities Hampton,Northampton,"3100 Main St, Exmore, VA 23350",(757) 442-6211
American Red Cross,Northampton,"36306 Lankford Hwy, Belle Haven, VA 23306",(757) 442-4750
The Salvation Army Emergency Men's Shelter,Northampton,"203 W 19th St, Norfolk, VA 23517",(757) 622-3471
LaCrosse State,Northampton,"2407 Pacific Ave, Virginia Beach, VA 23451",0
Light House Ministries Inc.,Northampton,"18317 N R North St, Keller, VA 23401",(757) 787-2535
The Union Mission Ministries,Northampton,"5100 E Virginia Beach Blvd, Norfolk, VA 23502",(757) 627-8686
Avalon Center,Northampton,"10978 Buckley Hall Rd A, Mathews, VA 23109",(804) 725-0400
Virginia Beach Housing Resource Center,Northampton,"104 N Witchduck Rd, Virginia Beach, VA 23462",(757) 385-5167
Community Housing Partners,Northampton,"2410 West Ave, Newport News, VA 23607",(757) 244-2836
Seton Youth Shelter,Northampton,"101 N Lynnhaven Rd #101, Virginia Beach, VA 23452",(757) 963-5795
"Help, Inc (Hampton Roads Ecumenical Lodging and Provisions, Inc.)",Northampton,"1320 LaSalle Ave, Hampton, VA 23669",(757) 727-2577
Volunteers of America,Northampton,"5677 Herbert Moore Rd, Virginia Beach, VA 23462",(757) 497-1900
Judeo-Christian Outreach Center,Northampton,"1053 Virginia Beach Blvd, Virginia Beach, VA 23451",(757) 491-2846
"ForKids, Inc.",Northampton,"4200 Colley Ave A, Norfolk, VA 23508",(757) 622-6400
Habitat for Humanity Restore,Northampton,"3271 Main St, Exmore, VA 23350",(757) 442-3500
Franktown United Methodist Church,Northampton,"7551 Bayside Rd, Franktown, VA 23354",(757) 442-3481
Trinity United Methodist Church,Northampton,"Cape Charles, VA 23310",(757) 331-2564
Johnson's United Methodist Church,Northampton,"11175 Bayside Rd, Machipongo, VA 23405",(757) 678-7707
Norfolk Urban Outreach Ministry,Northampton,"972 Norfolk Square, Norfolk, VA 23502",(757) 461-4213
American Red Cross,Northumberland,"6348 Northumberland Hwy, Heathsville, VA 22473",(804) 580-4933
Northumberland Social Services Department,Northumberland,"6373 Northumberland Hwy # A, Heathsville, VA 22473",(804) 580-3477
Habitat For Humanity,Northumberland,"460 N Main St, Kilmarnock, VA 22482",(804) 435-3461
American Red Cross,Northumberland,"39 Harris Rd, Kilmarnock, VA 22482",(804) 435-7669
Northern Neck Humane Society,Northumberland,"Reedville, VA 22539",(804) 472-2727
Nottoway County Social Services,Nottoway,"288 W Courthouse Rd, Nottoway Court House, VA 23955",(434) 645-8494
Orange County Department-Social Services,Orange,"146 S Madison Rd Suite 201, Orange, VA 22960",(540) 672-1155
Community Touch Inc,Orange,"10499 Jerico Rd, Bealeton, VA 22712",(540) 439-9300
MESA - Madison Emergeny Services Association,Orange,"927 Orange Rd, Madison, VA 22727",(540) 948-4427
Thurman Brisben Center,Orange,"471 Central Rd, Fredericksburg, VA 22401",(540) 899-9853
Orange County Sheriff's Office,Orange,"11350 Porter Rd, Orange, VA 22960",(540) 672-1200
Fauquier Family Shelter Services,Orange,"95 Keith St, Warrenton, VA 20186",(540) 351-0130
Sheltering Arms,Orange,"454 N Madison Rd, Orange, VA 22960",(540) 672-6210
Choices Inc.,Page,"216 W Main St, Luray, VA 22835",(540) 743-4414
United Way,Page,"34 Stoney Brook Ln, Luray, VA 22835",(540) 743-1662
Habitat For Humanity,Page,"1050 Almond Dr, Luray, VA 22835",(540) 843-4948
Fauquier Family Shelter Services,Page,"95 Keith St, Warrenton, VA 20186",(540) 351-0130
Disaster Relief Food Ministry,Patrick,"7403 Salem Highway Stuart, VA  24171",276-694-2289
.,Pittsylvania,.,0
.,Powhatan,.,0
Prince Edward County Middle School,Prince Edward,"35 Eagle Dr, Farmville, VA 23901",(434) 315-2120
.,Price George,.,0
.,Prince William,.,0
.,Pulaski,.,0
.,Rappahanock,.,0
Linwood Holton Elementary School ,Richmond,1600 W. Laburnum Avenue,0
Blackwell Elementary School,Richmond, 1600 Everett Street,0
Salvation Army Emergency Shelter,Rockingham,"895 Jefferson St, Harrisonburg, VA 22802",(540) 433-2785
.,Russel,.,0
Mountain Community Action,Scott,"602 S Iron St, Marion, VA 24354",276-783-7337
Franklin-Southampton Area United Way,Shenandoah,"116 N Main St, Franklin, VA 23851",757-569-8929
Union Mission New Life Center,Smyth,"19034 Union Mission Dr, Franklin, VA 23851",757-569-8686
Franklin Southampton Economic Development Inc,Southampton,"601 N Mechanic St #300, Franklin, VA 23851",757-562-1958
Improvement Association,Southampton,"1750 E Atlantic St, Emporia, VA 23847",434-634-2490
Mary's Shelter,Southampton,"1601 Princess Anne St, Fredericksburg, VA 22401",540-374-3407
Spotsylvania Emergency Concern,Southampton,"8812 Courthouse Rd, Spotsylvania Courthouse, VA 22553",540-582-2465
Serve Inc,Spotsylvania,"15 Upton Ln, Stafford, VA 22554",540-288-9603
Surry County Social Services Department,Spotsylvania,"45 School St, Surry, VA 23883",757-294-5240
Sussex County Social Services,Stafford,"20103 Princeton Rd, Sussex, VA 23884",434-246-1083
Cares Shelter,Surry,"244 Halifax St, Petersburg, VA 23803",804-861-0849
Tazewell House,Sussex,"130 W Main St, Tazewell, VA 24651",276-988-3508
Fauquier Family Shelter Services,Sussex,"95 Keith St, Warrenton, VA 20186",540-351-0130
C-Cap,Tazewell,"316 N Royal Ave # Ll, Front Royal, VA 22630",540-636-2448
Northwestern Community Services,Warren,"75 S Royal Ave, Front Royal, VA 22630",540-636-2931
Cornerstones,Warren,"11484 Washington Plaza W #120, Reston, VA 20190",0
The Haven Shelter & Services Administrative Office,Warren,"102 Walnut St, Warsaw, VA 22572",804-333-1099
Family Crisis Support Services Inc,Washington,"701 Kentucky Ave SE, Norton, VA 24273",276-679-7240
Hope Ministries Center,Westmoreland,"680 W Main St, Wytheville, VA 24382",276-228-5610
Crossroads Shelter Inc,Wise,"240 Calhoun St, Wytheville, VA 24382",276-228-9270
Natasha House,Wythe,"124 Goodwin Neck Rd, Yorktown, VA 23692",757-898-1993
NAACP,Wythe,"479 McLaws Cir # 3, Williamsburg, VA 23185",757-229-3113
Housing Partnership Inc,York,"115 Palace Ln, Williamsburg, VA 23185",757-221-0225